{
  "placeholderImages": [
    {
      "id": "hero",
      "description": "Modern business hub interior",
      "imageUrl": "https://images.unsplash.com/photo-1521737604893-d14cc237f11d?crop=entropy&cs=tinysrgb&fit=max&fm=jpg&ixid=M3w3NDE5ODJ8MHwxfHNlYXJjaHwxfHxtb2Rlcm4lMjBidXNpbmVzcyUyMGh1YnxlbnwwfHx8fDE3NjQwNzE4ODd8MA&ixlib=rb-4.1.0&q=80&w=1080",
      "imageHint": "business hub"
    },
    {
      "id": "internet-cafe",
      "description": "People using computers in a modern internet cafe",
      "imageUrl": "https://images.unsplash.com/photo-1620829813573-7c9e1877706f?crop=entropy&cs=tinysrgb&fit=max&fm=jpg&ixid=M3w3NDE5ODJ8MHwxfHNlYXJjaHw1fHxpbnRlcm5ldCUyMGNhZmV8ZW58MHx8fHwxNzY0MDQzNjMwfDA&ixlib=rb-4.1.0&q=80&w=1080",
      "imageHint": "internet cafe"
    },
    {
      "id": "provision-shop",
      "description": "Aisle of a modern convenience store",
      "imageUrl": "https://images.unsplash.com/photo-1541574823565-f1d660886187?crop=entropy&cs=tinysrgb&fit=max&fm=jpg&ixid=M3w3NDE5ODJ8MHwxfHNlYXJjaHw4fHxjb252ZW5pZW5jZSUyMHN0b3JlfGVufDB8fHx8MTc2NDA0MzYzMXww&ixlib=rb-4.1.0&q=80&w=1080",
      "imageHint": "convenience store"
    },
    {
      "id": "electronics",
      "description": "Display of various electronic gadgets",
      "imageUrl": "https://images.unsplash.com/photo-1609081219090-a6d81d3085bf?crop=entropy&cs=tinysrgb&fit=max&fm=jpg&ixid=M3w3NDE5ODJ8MHwxfHNlYXJjaHwxfHxlbGVjdHJvbmljJTIwZ2FkZ2V0c3xlbnwwfHx8fDE3NjM5NjQ0Mjd8MA&ixlib=rb-4.1.0&q=80&w=1080",
      "imageHint": "electronic gadgets"
    },
    {
      "id": "application-development",
      "description": "Team of developers working on computers",
      "imageUrl": "https://images.unsplash.com/photo-1573496773905-f5b17e717f05?crop=entropy&cs=tinysrgb&fit=max&fm=jpg&ixid=M3w3NDE5ODJ8MHwxfHNlYXJjaHwzfHxzb2Z0d2FyZSUyMGRldmVsb3BlcnN8ZW58MHx8fHwxNzY0MDQ0NjE5fDA&ixlib=rb-4.1.0&q=80&w=1080",
      "imageHint": "software developers"
    },
    {
      "id": "internet-cafe-hero",
      "description": "Rows of computers in a modern internet cafe",
      "imageUrl": "https://images.unsplash.com/photo-1573235781593-0094b20e59d2?crop=entropy&cs=tinysrgb&fit=max&fm=jpg&ixid=M3w3NDE5ODJ8MHwxfHNlYXJjaHw0fHxpbnRlcm5ldCUyMGNhZmV8ZW58MHx8fHwxNzY0MDQzNjMwfDA&ixlib=rb-4.1.0&q=80&w=1080",
      "imageHint": "internet cafe"
    },
    {
      "id": "provision-shop-hero",
      "description": "A well-stocked shelf in a provision shop",
      "imageUrl": "https://images.unsplash.com/photo-1584957109848-6e04fa733565?crop=entropy&cs=tinysrgb&fit=max&fm=jpg&ixid=M3w3NDE5ODJ8MHwxfHNlYXJjaHw1fHxzdG9yZSUyMHNoZWxmfGVufDB8fHx8MTc2NDA0MTU3OHww&ixlib=rb-4.1.0&q=80&w=1080",
      "imageHint": "store shelf"
    },
    {
      "id": "electronics-hero",
      "description": "A sleek display of modern laptops and phones",
      "imageUrl": "https://images.unsplash.com/photo-1721378466922-917d5a64e3ef?crop=entropy&cs=tinysrgb&fit=max&fm=jpg&ixid=M3w3NDE5ODJ8MHwxfHNlYXJjaHwxMHx8bGFwdG9wcyUyMHBob25lc3xlbnwwfHx8fDE3NjQwNDM2MzF8MA&ixlib=rb-4.1.0&q=80&w=1080",
      "imageHint": "laptops phones"
    },
    {
      "id": "application-development-hero",
      "description": "Abstract lines of code on a screen",
      "imageUrl": "https://images.unsplash.com/photo-1753998943413-8cba1b923c0e?crop=entropy&cs=tinysrgb&fit=max&fm=jpg&ixid=M3w3NDE5ODJ8MHwxfHNlYXJjaHw2fHxjb2RlJTIwc2NyZWVufGVufDB8fHx8MTc2Mzk0OTkyOHww&ixlib=rb-4.1.0&q=80&w=1080",
      "imageHint": "code screen"
    },
    {
      "id": "prod-001",
      "description": "Person browsing on a laptop",
      "imageUrl": "https://images.unsplash.com/photo-1760738999719-c84021b14746?crop=entropy&cs=tinysrgb&fit=max&fm=jpg&ixid=M3w3NDE5ODJ8MHwxfHNlYXJjaHw3fHxsYXB0b3AlMjBicm93c2luZ3xlbnwwfHx8fDE3NjQwNDM2MzF8MA&ixlib=rb-4.1.0&q=80&w=1080",
      "imageHint": "laptop browsing"
    },
    {
      "id": "prod-002",
      "description": "Glowing gaming computer tower",
      "imageUrl": "https://images.unsplash.com/photo-1597872200969-2b65d56bd16b?crop=entropy&cs=tinysrgb&fit=max&fm=jpg&ixid=M3w3NDE5ODJ8MHwxfHNlYXJjaHw3fHxnYW1pbmclMjBjb21wdXRlcnxlbnwwfHx8fDE3NjQwNDM2MzB8MA&ixlib=rb-4.1.0&q=80&w=1080",
      "imageHint": "gaming computer"
    },
    {
      "id": "prod-003",
      "description": "A printer printing a colorful document",
      "imageUrl": "https://images.unsplash.com/photo-1739826294194-9e0ceaea136f?crop=entropy&cs=tinysrgb&fit=max&fm=jpg&ixid=M3w3NDE5ODJ8MHwxfHNlYXJjaHw1fHxkb2N1bWVudCUyMHByaW50aW5nfGVufDB8fHx8MTc2NDA0MzYzMHww&ixlib=rb-4.1.0&q=80&w=1080",
      "imageHint": "document printing"
    },
    {
      "id": "prod-004",
      "description": "A can of energy drink with condensation",
      "imageUrl": "https://images.unsplash.com/photo-1642532560930-77d5018c68f7?crop=entropy&cs=tinysrgb&fit=max&fm=jpg&ixid=M3w3NDE5ODJ8MHwxfHNlYXJjaHw3fHxlbmVyZ3klMjBkcmlua3xlbnwwfHx8fDE3NjQwNDM2MzB8MA&ixlib=rb-4.1.0&q=80&w=1080",
      "imageHint": "energy drink"
    },
    {
      "id": "prod-005",
      "description": "A bowl of potato chips",
      "imageUrl": "https://images.unsplash.com/photo-1640958905846-e92ea71bdfdf?crop=entropy&cs=tinysrgb&fit=max&fm=jpg&ixid=M3w3NDE5ODJ8MHwxfHNlYXJjaHwxMHx8cG90YXRvJTIwY2hpcHN8ZW58MHx8fHwxNzY0MDQyNzk2fDA&ixlib=rb-4.1.0&q=80&w=1080",
      "imageHint": "potato chips"
    },
    {
      "id": "prod-006",
      "description": "A steaming bowl of instant noodles",
      "imageUrl": "https://images.unsplash.com/photo-1681136851377-420455dd3f98?crop=entropy&cs=tinysrgb&fit=max&fm=jpg&ixid=M3w3NDE5ODJ8MHwxfHNlYXJjaHwxMHx8aW5zdGFudCUyMG5vb2RsZXN8ZW58MHx8fHwxNzYzOTgwMTczfDA&ixlib=rb-4.1.0&q=80&w=1080",
      "imageHint": "instant noodles"
    },
    {
      "id": "prod-011",
      "description": "A printer printing a black and white document",
      "imageUrl": "https://images.unsplash.com/photo-1723672947453-e6d09052bdf3?crop=entropy&cs=tinysrgb&fit=max&fm=jpg&ixid=M3w3NDE5ODJ8MHwxfHNlYXJjaHw4fHxidyUyMHByaW50aW5nfGVufDB8fHx8MTc2Mzk2MzYwN3ww&ixlib=rb-4.1.0&q=80&w=1080",
      "imageHint": "bw printing"
    },
    {
      "id": "prod-012",
      "description": "A photocopier machine in an office",
      "imageUrl": "https://images.unsplash.com/photo-1666101041092-468eb2818c87?crop=entropy&cs=tinysrgb&fit=max&fm=jpg&ixid=M3w3NDE5ODJ8MHwxfHNlYXJjaHwxfHxwaG90b2NvcGllciUyMG9mZmljZXxlbnwwfHx8fDE3NjM5NjM2MDh8MA&ixlib=rb-4.1.0&q=80&w=1080",
      "imageHint": "photocopier office"
    },
    {
      "id": "prod-013",
      "description": "A laminating machine with a document",
      "imageUrl": "https://images.unsplash.com/photo-1638005101665-18d79f49bc07?crop=entropy&cs=tinysrgb&fit=max&fm=jpg&ixid=M3w3NDE5ODJ8MHwxfHNlYXJjaHwyfHxsYW1pbmF0aW5nJTIwbWFjaGluZXxlbnwwfHx8fDE3NjM5NjM2MDd8MA&ixlib=rb-4.1.0&q=80&w=1080",
      "imageHint": "laminating machine"
    },
    {
      "id": "prod-014",
      "description": "A stack of brown envelopes on a desk",
      "imageUrl": "https://images.unsplash.com/photo-1694285453486-ead6e637e524?crop=entropy&cs=tinysrgb&fit=max&fm=jpg&ixid=M3w3NDE5ODJ8MHwxfHNlYXJjaHw4fHxicm93biUyMGVudmVsb3Blc3xlbnwwfHx8fDE3NjM5NjM2MDd8MA&ixlib=rb-4.1.0&q=80&w=1080",
      "imageHint": "brown envelopes"
    },
    {
      "id": "prod-015",
      "description": "A person filling out an online form on a computer",
      "imageUrl": "https://images.unsplash.com/photo-1515378791036-0648a3ef77b2?crop=entropy&cs=tinysrgb&fit=max&fm=jpg&ixid=M3w3NDE5ODJ8MHwxfHNlYXJjaHwxfHxvbmxpbmUlMjBmb3JtfGVufDB8fHx8MTc2Mzk2MzYwN3ww&ixlib=rb-4.1.0&q=80&w=1080",
      "imageHint": "online form"
    },
    {
      "id": "prod-016",
      "description": "A student celebrating with a graduation cap",
      "imageUrl": "https://images.unsplash.com/photo-1718117640610-0d13113e3c05?crop=entropy&cs=tinysrgb&fit=max&fm=jpg&ixid=M3w3NDE5ODJ8MHwxfHNlYXJjaHw5fHxzdHVkZW50JTIwc2Nob2xhcnNoaXB8ZW58MHx8fHwxNzYzOTYzNjA3fDA&ixlib=rb-4.1.0&q=80&w=1080",
      "imageHint": "student scholarship"
    },
    {
      "id": "prod-017",
      "description": "A document scanner scanning a paper",
      "imageUrl": "https://images.unsplash.com/photo-1620423855978-e5d74a7bef30?crop=entropy&cs=tinysrgb&fit=max&fm=jpg&ixid=M3w3NDE5ODJ8MHwxfHNlYXJjaHwxfHxkb2N1bWVudCUyMHNjYW5uZXJ8ZW58MHx8fHwxNzY0MDQzNjMwfDA&ixlib=rb-4.1.0&q=80&w=1080",
      "imageHint": "document scanner"
    },
    {
      "id": "prod-018",
      "description": "A professionally bound book",
      "imageUrl": "https://images.unsplash.com/photo-1714504924599-4b14f2fccff1?crop=entropy&cs=tinysrgb&fit=max&fm=jpg&ixid=M3w3NDE5ODJ8MHwxfHNlYXJjaHw4fHxib29rJTIwYmluZGluZ3xlbnwwfHx8fDE3NjM5NjQwMDd8MA&ixlib=rb-4.1.0&q=80&w=1080",
      "imageHint": "book binding"
    },
    {
      "id": "prod-019",
      "description": "A wooden A4 frame on a wall",
      "imageUrl": "https://images.unsplash.com/photo-1646006408883-46e348ff0e66?crop=entropy&cs=tinysrgb&fit=max&fm=jpg&ixid=M3w3NDE5ODJ8MHwxfHNlYXJjaHw4fHx3b29kJTIwZnJhbWV8ZW58MHx8fHwxNzYzOTY0MDA4fDA&ixlib=rb-4.1.0&q=80&w=1080",
      "imageHint": "wood frame"
    },
    {
      "id": "prod-020",
      "description": "An A3 frame displaying artwork",
      "imageUrl": "https://images.unsplash.com/photo-1560828343-a0b3d8864d1b?crop=entropy&cs=tinysrgb&fit=max&fm=jpg&ixid=M3w3NDE5ODJ8MHwxfHNlYXJjaHwxfHxhcnQlMjBmcmFtZXxlbnwwfHx8fDE3NjM5NjQwMDh8MA&ixlib=rb-4.1.0&q=80&w=1080",
      "imageHint": "art frame"
    },
    {
      "id": "prod-021",
      "description": "A large A3+ frame on a gallery wall",
      "imageUrl": "https://images.unsplash.com/photo-1649702161417-6dad11f2dabc?crop=entropy&cs=tinysrgb&fit=max&fm=jpg&ixid=M3w3NDE5ODJ8MHwxfHNlYXJjaHw4fHxnYWxsZXJ5JTIwZnJhbWV8ZW58MHx8fHwxNzYzOTY0MDA4fDA&ixlib=rb-4.1.0&q=80&w=1080",
      "imageHint": "gallery frame"
    },
    {
      "id": "prod-022",
      "description": "A vibrant canvas print on a wall",
      "imageUrl": "https://images.unsplash.com/photo-1532152865523-267662aa4483?crop=entropy&cs=tinysrgb&fit=max&fm=jpg&ixid=M3w3NDE5ODJ8MHwxfHNlYXJjaHw2fHxjYW52YXMlMjBwcmludHxlbnwwfHx8fDE3NjM5NjQwMDd8MA&ixlib=rb-4.1.0&q=80&w=1080",
      "imageHint": "canvas print"
    },
    {
      "id": "serv-002",
      "description": "Mobile app interface on a phone",
      "imageUrl": "https://images.unsplash.com/photo-1605379399642-870262d3d051?crop=entropy&cs=tinysrgb&fit=max&fm=jpg&ixid=M3w3NDE5ODJ8MHwxfHNlYXJjaHwyfHxtb2JpbGUlMjBkZXZlbG9wbWVudHxlbnwwfHx8fDE3NjQwMTA0ODJ8MA&ixlib=rb-4.1.0&q=80&w=1080",
      "imageHint": "mobile development"
    },
    {
      "id": "serv-007",
      "description": "AI powered app",
      "imageUrl": "https://images.unsplash.com/photo-1762341119630-7cbf68227969?crop=entropy&cs=tinysrgb&fit=max&fm=jpg&ixid=M3w3NDE5ODJ8MHwxfHNlYXJjaHw5fHxhaSUyMGFwcHxlbnwwfHx8fDE3NjQwNDYxOTN8MA&ixlib=rb-4.1.0&q=80&w=1080",
      "imageHint": "ai app"
    },
    {
      "id": "serv-008",
      "description": "AI agent robot",
      "imageUrl": "https://images.unsplash.com/photo-1694903110330-cc64b7e1d21d?crop=entropy&cs=tinysrgb&fit=max&fm=jpg&ixid=M3w3NDE5ODJ8MHwxfHNlYXJjaHw1fHxhaSUyMGFnZW50fGVufDB8fHx8MTc2NDA0NjE5Mnww&ixlib=rb-4.1.0&q=80&w=1080",
      "imageHint": "ai agent"
    },
    {
      "id": "prod-023",
      "description": "A crate of energy drinks",
      "imageUrl": "https://images.unsplash.com/photo-1699990320260-f7f7abc420ec?crop=entropy&cs=tinysrgb&fit=max&fm=jpg&ixid=M3w3NDE5ODJ8MHwxfHNlYXJjaHwxMHx8Y3JhdGUlMjBkcmlua3N8ZW58MHx8fHwxNzY0MDQzNjMxfDA&ixlib=rb-4.1.0&q=80&w=1080",
      "imageHint": "crate drinks"
    },
    {
      "id": "prod-024",
      "description": "Assorted colorful soft drink cans",
      "imageUrl": "https://images.unsplash.com/photo-1452725210141-07dda20225ec?crop=entropy&cs=tinysrgb&fit=max&fm=jpg&ixid=M3w3NDE5ODJ8MHwxfHNlYXJjaHwxMHx8c29mdCUyMGRyaW5rc3xlbnwwfHx8fDE3NjQwNDM2MzB8MA&ixlib=rb-4.1.0&q=80&w=1080",
      "imageHint": "soft drinks"
    },
    {
      "id": "prod-025",
      "description": "A large bag of rice",
      "imageUrl": "https://images.unsplash.com/photo-1760706092664-30debe6d3730?crop=entropy&cs=tinysrgb&fit=max&fm=jpg&ixid=M3w3NDE5ODJ8MHwxfHNlYXJjaHw2fHxiYWclMjByaWNlfGVufDB8fHx8MTc2NDA0MzYzMHww&ixlib=rb-4.1.0&q=80&w=1080",
      "imageHint": "bag rice"
    },
    {
      "id": "prod-026",
      "description": "A large bag of sugar",
      "imageUrl": "https://images.unsplash.com/photo-1583872548706-bdbf14cc19b9?crop=entropy&cs=tinysrgb&fit=max&fm=jpg&ixid=M3w3NDE5ODJ8MHwxfHNlYXJjaHwxfHxzdWdhciUyMGJhZ3xlbnwwfHx8fDE3NjQwNDM5NTJ8MA&ixlib=rb-4.1.0&q=80&w=1080",
      "imageHint": "sugar bag"
    },
    {
      "id": "prod-027",
      "description": "A 25kg bag of rice",
      "imageUrl": "https://images.unsplash.com/photo-1530496216518-a53d24e99c31?crop=entropy&cs=tinysrgb&fit=max&fm=jpg&ixid=M3w3NDE5ODJ8MHwxfHNlYXJjaHw2fHxyaWNlJTIwYmFnfGVufDB8fHx8MTc2Mzk1OTQ5Nnww&ixlib=rb-4.1.0&q=80&w=1080",
      "imageHint": "rice bag"
    },
    {
      "id": "prod-028",
      "description": "A crate of assorted bottled soft drinks",
      "imageUrl": "https://images.unsplash.com/photo-1643585222130-4855704b8a5d?crop=entropy&cs=tinysrgb&fit=max&fm=jpg&ixid=M3w3NDE5ODJ8MHwxfHNlYXJjaHw4fHxkcmlua3MlMjBjcmF0ZXxlbnwwfHx8fDE3NjQwNDM2MzF8MA&ixlib=rb-4.1.0&q=80&w=1080",
      "imageHint": "drinks crate"
    },
    {
      "id": "prod-029",
      "description": "A case of small water bottles",
      "imageUrl": "https://images.unsplash.com/photo-1741518516939-cb68a5b7624b?crop=entropy&cs=tinysrgb&fit=max&fm=jpg&ixid=M3w3NDE5ODJ8MHwxfHNlYXJjaHw2fHx3YXRlciUyMGJvdHRsZXN8ZW58MHx8fHwxNzY0MDQzNjMwfDA&ixlib=rb-4.1.0&q=80&w=1080",
      "imageHint": "water bottles"
    },
    {
      "id": "prod-030",
      "description": "A case of large water bottles",
      "imageUrl": "https://images.unsplash.com/photo-1554457686-c8409f3d8156?crop=entropy&cs=tinysrgb&fit=max&fm=jpg&ixid=M3w3NDE5ODJ8MHwxfHNlYXJjaHw0fHxsYXJnZSUyMHdhdGVyfGVufDB8fHx8MTc2NDA0MzYzMHww&ixlib=rb-4.1.0&q=80&w=1080",
      "imageHint": "large water"
    },
    {
      "id": "prod-031",
      "description": "A bag of sachet water",
      "imageUrl": "https://images.unsplash.com/photo-1581174841205-34a28a3e5859?crop=entropy&cs=tinysrgb&fit=max&fm=jpg&ixid=M3w3NDE5ODJ8MHwxfHNlYXJjaHw4fHxzYWNoZXQlMjB3YXRlcnxlbnwwfHx8fDE3NjQwNDM2MzB8MA&ixlib=rb-4.1.0&q=80&w=1080",
      "imageHint": "sachet water"
    },
    {
      "id": "prod-032",
      "description": "A Dell business laptop on a desk",
      "imageUrl": "https://images.unsplash.com/photo-1593642532744-d377ab507dc8?crop=entropy&cs=tinysrgb&fit=max&fm=jpg&ixid=M3w3NDE5ODJ8MHwxfHNlYXJjaHw1fHxEZWxsJTIwbGFwdG9wfGVufDB8fHx8MTc2NDA0NTAzMXww&ixlib=rb-4.1.0&q=80&w=1080",
      "imageHint": "Dell laptop"
    },
    {
      "id": "prod-033",
      "description": "A Lenovo consumer laptop open on a table",
      "imageUrl": "https://images.unsplash.com/photo-1593642633279-1796119d5482?crop=entropy&cs=tinysrgb&fit=max&fm=jpg&ixid=M3w3NDE5ODJ8MHwxfHNlYXJjaHw2fHxMZW5vdm8lMjBsYXB0b3B8ZW58MHx8fHwxNzY0MDQ1MDMyfDA&ixlib=rb-4.1.0&q=80&w=1080",
      "imageHint": "Lenovo laptop"
    },
    {
      "id": "prod-034",
      "description": "A Dell desktop computer tower",
      "imageUrl": "https://images.unsplash.com/photo-1657882679697-2dcdacbc917f?crop=entropy&cs=tinysrgb&fit=max&fm=jpg&ixid=M3w3NDE5ODJ8MHwxfHNlYXJjaHw4fHxEZWxsJTIwZGVza3RvcHxlbnwwfHx8fDE3NjQwNDUwMzJ8MA&ixlib=rb-4.1.0&q=80&w=1080",
      "imageHint": "Dell desktop"
    },
    {
      "id": "prod-035",
      "description": "A computer keyboard and mouse",
      "imageUrl": "https://images.unsplash.com/photo-1672754091891-b58ed53665e6?crop=entropy&cs=tinysrgb&fit=max&fm=jpg&ixid=M3w3NDE5ODJ8MHwxfHNlYXJjaHwzfHxrZXlib2FyZCUyMG1vdXNlfGVufDB8fHx8MTc2NDA0NTAzMXww&ixlib=rb-4.1.0&q=80&w=1080",
      "imageHint": "keyboard mouse"
    },
    {
      "id": "prod-036",
      "description": "An internal computer hard drive",
      "imageUrl": "https://images.unsplash.com/photo-1624895608078-e9f564cbe3fa?crop=entropy&cs=tinysrgb&fit=max&fm=jpg&ixid=M3w3NDE5ODJ8MHwxfHNlYXJjaHw2fHxoYXJkJTIwZHJpdmV8ZW58MHx8fHwxNzY0MDQ1MDMyfDA&ixlib=rb-4.1.0&q=80&w=1080",
      "imageHint": "hard drive"
    },
    {
      "id": "prod-037",
      "description": "A portable bluetooth speaker",
      "imageUrl": "https://images.unsplash.com/photo-1507878566509-a0dbe19677a5?crop=entropy&cs=tinysrgb&fit=max&fm=jpg&ixid=M3w3NDE5ODJ8MHwxfHNlYXJjaHwxMHx8Ymx1ZXRvb3RoJTIwc3BlYWtlcnxlbnwwfHx8fDE3NjM5NDYyNTB8MA&ixlib=rb-4.1.0&q=80&w=1080",
      "imageHint": "bluetooth speaker"
    },
    {
      "id": "prod-038",
      "description": "A blue VGA cable",
      "imageUrl": "https://images.unsplash.com/photo-1603899122911-27c0cb85824a?crop=entropy&cs=tinysrgb&fit=max&fm=jpg&ixid=M3w3NDE5ODJ8MHwxfHNlYXJjaHw5fHxWR0ElMjBjYWJsZXxlbnwwfHx8fDE3NjQwNDUwMzJ8MA&ixlib=rb-4.1.0&q=80&w=1080",
      "imageHint": "VGA cable"
    },
    {
      "id": "prod-039",
      "description": "A set of replacement laptop batteries",
      "imageUrl": "https://images.unsplash.com/photo-1642143232063-ddef303560ef?crop=entropy&cs=tinysrgb&fit=max&fm=jpg&ixid=M3w3NDE5ODJ8MHwxfHNlYXJjaHw3fHxsYXB0b3AlMjBiYXR0ZXJ5fGVufDB8fHx8MTc2Mzk5Nzc2MHww&ixlib=rb-4.1.0&q=80&w=1080",
      "imageHint": "laptop battery"
    },
    {
      "id": "serv-009",
      "description": "Python code on a screen",
      "imageUrl": "https://images.unsplash.com/photo-1607706189992-eae578626c86?crop=entropy&cs=tinysrgb&fit=max&fm=jpg&ixid=M3w3NDE5ODJ8MHwxfHNlYXJjaHw1fHxweXRob24lMjBjb2RlfGVufDB8fHx8MTc2Mzk4MDU1MXww&ixlib=rb-4.1.0&q=80&w=1080",
      "imageHint": "python code"
    },
    {
      "id": "serv-010",
      "description": "PHP code on a screen",
      "imageUrl": "https://images.unsplash.com/photo-1550438496-8c6e269e7886?crop=entropy&cs=tinysrgb&fit=max&fm=jpg&ixid=M3w3NDE5ODJ8MHwxfHNlYXJjaHw4fHxwaHAlMjBjb2RlfGVufDB8fHx8MTc2NDA0NjQwNnww&ixlib=rb-4.1.0&q=80&w=1080",
      "imageHint": "php code"
    },
    {
      "id": "serv-011",
      "description": "Java code on a screen",
      "imageUrl": "https://images.unsplash.com/photo-1549605659-32d82da3a059?crop=entropy&cs=tinysrgb&fit=max&fm=jpg&ixid=M3w3NDE5ODJ8MHwxfHNlYXJjaHw2fHxqYXZhJTIwY29kZXxlbnwwfHx8fDE3NjM5ODEzMDJ8MA&ixlib=rb-4.1.0&q=80&w=1080",
      "imageHint": "java code"
    },
    {
      "id": "serv-012",
      "description": "Perl code on a screen",
      "imageUrl": "https://images.unsplash.com/photo-1722002328974-93eef19e1e26?crop=entropy&cs=tinysrgb&fit=max&fm=jpg&ixid=M3w3NDE5ODJ8MHwxfHNlYXJjaHw2fHxwZXJsJTIwY29kZXxlbnwwfHx8fDE3NjQwNDY0MDV8MA&ixlib=rb-4.1.0&q=80&w=1080",
      "imageHint": "perl code"
    },
    {
      "id": "serv-013",
      "description": "HTML and CSS code snippets",
      "imageUrl": "https://images.unsplash.com/photo-1669023414162-8b0573b9c6b2?crop=entropy&cs=tinysrgb&fit=max&fm=jpg&ixid=M3w3NDE5ODJ8MHwxfHNlYXJjaHw1fHxodG1sJTIwY3NzfGVufDB8fHx8MTc2NDA0NjQwNXww&ixlib=rb-4.1.0&q=80&w=1080",
      "imageHint": "html css"
    },
    {
      "id": "serv-014",
      "description": "Web design layout on a computer",
      "imageUrl": "https://images.unsplash.com/photo-1581291518857-4e27b48ff24e?crop=entropy&cs=tinysrgb&fit=max&fm=jpg&ixid=M3w3NDE5ODJ8MHwxfHNlYXJjaHw5fHx3ZWIlMjBkZXNpZ258ZW58MHx8fHwxNzY0MDA5NzI4fDA&ixlib=rb-4.1.0&q=80&w=1080",
      "imageHint": "web design"
    },
    {
      "id": "serv-015",
      "description": "SQL query on a database interface",
      "imageUrl": "https://images.unsplash.com/photo-1633412802994-5c058f151b66?crop=entropy&cs=tinysrgb&fit=max&fm=jpg&ixid=M3w3NDE5ODJ8MHwxfHNlYXJjaHwxfHxzcWwlMjBkYXRhYmFzZXxlbnwwfHx8fDE3NjQwNDY0MDZ8MA&ixlib=rb-4.1.0&q=80&w=1080",
      "imageHint": "sql database"
    }
  ]
}